{
  "model_id": "dslim/bert-base-NER",
  "model_path": "C:\\Users\\shzhen\\AppData\\Local\\repo\\WinML-ModelKit\\amd_test_results\\dslim_bert-base-NER_token-classification\\w8a8\\build\\quantized.onnx",
  "task": "token-classification",
  "device": "npu",
  "dataset": {
    "split": "validation",
    "samples": 100,
    "shuffle": true,
    "seed": 42,
    "path": "BramVanroy/conll2003",
    "columns_mapping": {
      "label_column": "ner_tags"
    }
  },
  "output_path": "C:\\Users\\shzhen\\AppData\\Local\\repo\\WinML-ModelKit\\amd_test_results\\dslim_bert-base-NER_token-classification\\w8a8\\eval.json",
  "metrics": {
    "LOC": {
      "precision": 1.0,
      "recall": 0.967741935483871,
      "f1": 0.9836065573770492,
      "number": 62
    },
    "MISC": {
      "precision": 0.92,
      "recall": 0.9583333333333334,
      "f1": 0.9387755102040817,
      "number": 24
    },
    "ORG": {
      "precision": 0.9714285714285714,
      "recall": 0.9444444444444444,
      "f1": 0.9577464788732395,
      "number": 36
    },
    "PER": {
      "precision": 0.9821428571428571,
      "recall": 1.0,
      "f1": 0.9909909909909909,
      "number": 55
    },
    "overall_precision": 0.9772727272727273,
    "overall_recall": 0.9717514124293786,
    "overall_f1": 0.9745042492917847,
    "overall_accuracy": 0.9967341606792945,
    "total_time_in_seconds": 11.391964599999483,
    "samples_per_second": 8.778117165146787,
    "latency_in_seconds": 0.11391964599999482
  }
}