{
  "model_id": "dbmdz/bert-large-cased-finetuned-conll03-english",
  "task": "token-classification",
  "device": "npu",
  "dataset": {
    "split": "validation",
    "samples": 100,
    "shuffle": true,
    "seed": 42,
    "path": "BramVanroy/conll2003",
    "columns_mapping": {
      "label_column": "ner_tags"
    }
  },
  "output_path": "C:\\Users\\shzhen\\AppData\\Local\\repo\\WinML-ModelKit\\examples\\amd\\dbmdz_bert-large-cased-finetuned-conll03-english\\token-classification_w8a16_eval.json",
  "metrics": {
    "LOC": {
      "precision": 0.49295774647887325,
      "recall": 0.5645161290322581,
      "f1": 0.5263157894736842,
      "number": 62
    },
    "MISC": {
      "precision": 0.38235294117647056,
      "recall": 0.5416666666666666,
      "f1": 0.44827586206896547,
      "number": 24
    },
    "ORG": {
      "precision": 0.1346153846153846,
      "recall": 0.19444444444444445,
      "f1": 0.1590909090909091,
      "number": 36
    },
    "PER": {
      "precision": 0.037037037037037035,
      "recall": 0.03636363636363636,
      "f1": 0.03669724770642201,
      "number": 55
    },
    "overall_precision": 0.27014218009478674,
    "overall_recall": 0.3220338983050847,
    "overall_f1": 0.2938144329896907,
    "overall_accuracy": 0.8007838014369693,
    "total_time_in_seconds": 46.786643400002504,
    "samples_per_second": 2.1373621344247713,
    "latency_in_seconds": 0.4678664340000251
  }
}