{
  "model_id": "Babelscape/wikineural-multilingual-ner",
  "task": "token-classification",
  "device": "npu",
  "dataset": {
    "split": "validation",
    "samples": 100,
    "shuffle": true,
    "seed": 42,
    "path": "BramVanroy/conll2003",
    "columns_mapping": {
      "label_column": "ner_tags"
    }
  },
  "output_path": "C:\\Users\\shzhen\\AppData\\Local\\repo\\WinML-ModelKit\\examples\\ov\\Babelscape_wikineural-multilingual-ner\\token-classification_w8a8_eval.json",
  "metrics": {
    "LOC": {
      "precision": 0.864406779661017,
      "recall": 0.8225806451612904,
      "f1": 0.8429752066115702,
      "number": 62
    },
    "MISC": {
      "precision": 0.48148148148148145,
      "recall": 0.5416666666666666,
      "f1": 0.5098039215686274,
      "number": 24
    },
    "ORG": {
      "precision": 0.7666666666666667,
      "recall": 0.6388888888888888,
      "f1": 0.696969696969697,
      "number": 36
    },
    "PER": {
      "precision": 0.9821428571428571,
      "recall": 1.0,
      "f1": 0.9909909909909909,
      "number": 55
    },
    "overall_precision": 0.8255813953488372,
    "overall_recall": 0.8022598870056498,
    "overall_f1": 0.8137535816618912,
    "overall_accuracy": 0.9660352710646636,
    "total_time_in_seconds": 23.075210999930277,
    "samples_per_second": 4.33365484719954,
    "latency_in_seconds": 0.2307521099993028
  }
}