{
  "model_id": "Babelscape/wikineural-multilingual-ner",
  "model_path": "C:\\Users\\shzhen\\AppData\\Local\\repo\\WinML-ModelKit\\amd_test_results\\Babelscape_wikineural-multilingual-ner_token-classification\\w8a8\\build\\quantized.onnx",
  "task": "token-classification",
  "device": "npu",
  "dataset": {
    "split": "validation",
    "samples": 100,
    "shuffle": true,
    "seed": 42,
    "path": "BramVanroy/conll2003",
    "columns_mapping": {
      "label_column": "ner_tags"
    }
  },
  "output_path": "C:\\Users\\shzhen\\AppData\\Local\\repo\\WinML-ModelKit\\amd_test_results\\Babelscape_wikineural-multilingual-ner_token-classification\\w8a8\\eval.json",
  "metrics": {
    "LOC": {
      "precision": 0.7741935483870968,
      "recall": 0.7741935483870968,
      "f1": 0.7741935483870968,
      "number": 62
    },
    "MISC": {
      "precision": 0.3548387096774194,
      "recall": 0.4583333333333333,
      "f1": 0.39999999999999997,
      "number": 24
    },
    "ORG": {
      "precision": 0.5555555555555556,
      "recall": 0.4166666666666667,
      "f1": 0.4761904761904762,
      "number": 36
    },
    "PER": {
      "precision": 1.0,
      "recall": 0.9636363636363636,
      "f1": 0.9814814814814815,
      "number": 55
    },
    "overall_precision": 0.7341040462427746,
    "overall_recall": 0.7175141242937854,
    "overall_f1": 0.7257142857142859,
    "overall_accuracy": 0.953625081645983,
    "total_time_in_seconds": 11.440697199999704,
    "samples_per_second": 8.74072604596183,
    "latency_in_seconds": 0.11440697199999704
  }
}