{
  "model_id": "w11wo/indonesian-roberta-base-posp-tagger",
  "task": "token-classification",
  "device": "npu",
  "dataset": {
    "split": "validation",
    "samples": 100,
    "shuffle": true,
    "seed": 42,
    "path": "C:\\Users\\shzhen\\.cache\\winml\\eval_datasets\\build_indonlu_posp",
    "columns_mapping": {
      "label_column": "pos_tags"
    }
  },
  "output_path": "C:\\Users\\shzhen\\AppData\\Local\\repo\\WinML-ModelKit\\examples\\ov\\w11wo_indonesian-roberta-base-posp-tagger\\token-classification_w8a16_eval.json",
  "metrics": {
    "ADJ": {
      "precision": 0.8831168831168831,
      "recall": 0.918918918918919,
      "f1": 0.9006622516556292,
      "number": 74
    },
    "ADK": {
      "precision": 1.0,
      "recall": 0.95,
      "f1": 0.9743589743589743,
      "number": 40
    },
    "ADV": {
      "precision": 1.0,
      "recall": 0.9827586206896551,
      "f1": 0.9913043478260869,
      "number": 58
    },
    "ART": {
      "precision": 1.0,
      "recall": 1.0,
      "f1": 1.0,
      "number": 35
    },
    "CCN": {
      "precision": 1.0,
      "recall": 1.0,
      "f1": 1.0,
      "number": 46
    },
    "CSN": {
      "precision": 0.8913043478260869,
      "recall": 1.0,
      "f1": 0.9425287356321839,
      "number": 41
    },
    "KUA": {
      "precision": 1.0,
      "recall": 1.0,
      "f1": 1.0,
      "number": 11
    },
    "NEG": {
      "precision": 1.0,
      "recall": 1.0,
      "f1": 1.0,
      "number": 13
    },
    "NNO": {
      "precision": 0.9531531531531532,
      "recall": 0.9548736462093863,
      "f1": 0.9540126239855726,
      "number": 554
    },
    "NNP": {
      "precision": 0.9536423841059603,
      "recall": 0.9432314410480349,
      "f1": 0.9484083424807903,
      "number": 458
    },
    "NUM": {
      "precision": 1.0,
      "recall": 1.0,
      "f1": 1.0,
      "number": 100
    },
    "PAR": {
      "precision": 1.0,
      "recall": 1.0,
      "f1": 1.0,
      "number": 7
    },
    "PPO": {
      "precision": 0.9896907216494846,
      "recall": 0.964824120603015,
      "f1": 0.9770992366412214,
      "number": 199
    },
    "PRI": {
      "precision": 1.0,
      "recall": 1.0,
      "f1": 1.0,
      "number": 2
    },
    "PRK": {
      "precision": 1.0,
      "recall": 1.0,
      "f1": 1.0,
      "number": 1
    },
    "PRN": {
      "precision": 1.0,
      "recall": 1.0,
      "f1": 1.0,
      "number": 33
    },
    "PRR": {
      "precision": 0.9787234042553191,
      "recall": 1.0,
      "f1": 0.989247311827957,
      "number": 46
    },
    "SYM": {
      "precision": 1.0,
      "recall": 1.0,
      "f1": 1.0,
      "number": 366
    },
    "UNS": {
      "precision": 1.0,
      "recall": 0.5,
      "f1": 0.6666666666666666,
      "number": 2
    },
    "VBE": {
      "precision": 1.0,
      "recall": 1.0,
      "f1": 1.0,
      "number": 3
    },
    "VBI": {
      "precision": 0.9230769230769231,
      "recall": 0.96,
      "f1": 0.9411764705882353,
      "number": 75
    },
    "VBL": {
      "precision": 1.0,
      "recall": 1.0,
      "f1": 1.0,
      "number": 9
    },
    "VBP": {
      "precision": 0.958904109589041,
      "recall": 0.9859154929577465,
      "f1": 0.9722222222222222,
      "number": 71
    },
    "VBT": {
      "precision": 0.9705882352941176,
      "recall": 0.9611650485436893,
      "f1": 0.9658536585365853,
      "number": 103
    },
    "overall_precision": 0.9676182360460162,
    "overall_recall": 0.9676182360460162,
    "overall_f1": 0.9676182360460162,
    "overall_accuracy": 0.9676182360460162,
    "total_time_in_seconds": 23.0669814000139,
    "samples_per_second": 4.335200963917183,
    "latency_in_seconds": 0.23066981400013903
  }
}