{
  "model_id": "Babelscape/wikineural-multilingual-ner",
  "task": "token-classification",
  "device": "npu",
  "ep": "qnn",
  "dataset": {
    "split": "validation",
    "samples": 100,
    "shuffle": true,
    "seed": 42,
    "path": "BramVanroy/conll2003",
    "columns_mapping": {
      "label_column": "ner_tags"
    }
  },
  "output_path": "C:\\repo\\WinML-ModelKit\\examples\\qnn\\npu\\Babelscape_wikineural-multilingual-ner\\token-classification_fp16_eval_result.json",
  "metrics": {
    "LOC": {
      "precision": 0.85,
      "recall": 0.8225806451612904,
      "f1": 0.8360655737704918,
      "number": 62
    },
    "MISC": {
      "precision": 0.3870967741935484,
      "recall": 0.5,
      "f1": 0.43636363636363634,
      "number": 24
    },
    "ORG": {
      "precision": 0.6774193548387096,
      "recall": 0.5833333333333334,
      "f1": 0.626865671641791,
      "number": 36
    },
    "PER": {
      "precision": 0.9649122807017544,
      "recall": 1.0,
      "f1": 0.9821428571428572,
      "number": 55
    },
    "overall_precision": 0.776536312849162,
    "overall_recall": 0.7853107344632768,
    "overall_f1": 0.7808988764044944,
    "overall_accuracy": 0.9542782495101241,
    "total_time_in_seconds": 3.9552891999919666,
    "samples_per_second": 25.28260133297032,
    "latency_in_seconds": 0.03955289199991967
  }
}