{
  "model_id": "dslim/bert-base-NER",
  "task": "token-classification",
  "device": "gpu",
  "dataset": {
    "split": "validation",
    "samples": 100,
    "shuffle": true,
    "seed": 42,
    "path": "BramVanroy/conll2003",
    "columns_mapping": {
      "label_column": "ner_tags"
    }
  },
  "output_path": "C:\\Users\\shzhen\\AppData\\Local\\repo\\WinML-ModelKit\\examples\\dml\\gpu\\dslim_bert-base-NER\\token-classification_eval.json",
  "metrics": {
    "LOC": {
      "precision": 1.0,
      "recall": 0.9838709677419355,
      "f1": 0.991869918699187,
      "number": 62
    },
    "MISC": {
      "precision": 0.9166666666666666,
      "recall": 0.9166666666666666,
      "f1": 0.9166666666666666,
      "number": 24
    },
    "ORG": {
      "precision": 0.9444444444444444,
      "recall": 0.9444444444444444,
      "f1": 0.9444444444444444,
      "number": 36
    },
    "PER": {
      "precision": 1.0,
      "recall": 1.0,
      "f1": 1.0,
      "number": 55
    },
    "overall_precision": 0.9772727272727273,
    "overall_recall": 0.9717514124293786,
    "overall_f1": 0.9745042492917847,
    "overall_accuracy": 0.9967341606792945,
    "total_time_in_seconds": 1.440148799913004,
    "samples_per_second": 69.4372692641488,
    "latency_in_seconds": 0.014401487999130038
  }
}