{
  "model_id": "Babelscape/wikineural-multilingual-ner",
  "task": "token-classification",
  "device": "gpu",
  "dataset": {
    "split": "validation",
    "samples": 100,
    "shuffle": true,
    "seed": 42,
    "path": "BramVanroy/conll2003",
    "columns_mapping": {
      "label_column": "ner_tags"
    }
  },
  "output_path": "C:\\repo\\WinML-ModelKit\\examples\\qnn\\gpu\\Babelscape_wikineural-multilingual-ner\\token-classification_eval.json",
  "metrics": {
    "LOC": {
      "precision": 0.847457627118644,
      "recall": 0.8064516129032258,
      "f1": 0.8264462809917354,
      "number": 62
    },
    "MISC": {
      "precision": 0.5,
      "recall": 0.5416666666666666,
      "f1": 0.52,
      "number": 24
    },
    "ORG": {
      "precision": 0.6428571428571429,
      "recall": 0.5,
      "f1": 0.5625000000000001,
      "number": 36
    },
    "PER": {
      "precision": 0.9814814814814815,
      "recall": 0.9636363636363636,
      "f1": 0.9724770642201834,
      "number": 55
    },
    "overall_precision": 0.8023952095808383,
    "overall_recall": 0.7570621468926554,
    "overall_f1": 0.7790697674418605,
    "overall_accuracy": 0.960809928151535,
    "total_time_in_seconds": 20.39382559999649,
    "samples_per_second": 4.90344489363571,
    "latency_in_seconds": 0.2039382559999649
  }
}