{
  "model_id": "dslim/bert-base-NER",
  "model_path": "C:\\Users\\zhenni\\repos\\ModelKit\\examples\\openvino\\npu\\dslim_bert-base-NER\\token-classification_w8a16_build_artifacts\\model.onnx",
  "task": "token-classification",
  "device": "npu",
  "ep": "openvino",
  "dataset": {
    "split": "validation",
    "samples": 1000,
    "shuffle": true,
    "seed": 42,
    "path": "BramVanroy/conll2003",
    "columns_mapping": {
      "label_column": "ner_tags"
    }
  },
  "output_path": "C:\\Users\\zhenni\\repos\\ModelKit\\examples\\openvino\\npu\\dslim_bert-base-NER\\token-classification_w8a16_eval_result.json",
  "metrics": {
    "LOC": {
      "precision": 0.9823321554770318,
      "recall": 0.9652777777777778,
      "f1": 0.9737302977232926,
      "number": 576
    },
    "MISC": {
      "precision": 0.9125874125874126,
      "recall": 0.925531914893617,
      "f1": 0.9190140845070421,
      "number": 282
    },
    "ORG": {
      "precision": 0.9196891191709845,
      "recall": 0.9366754617414248,
      "f1": 0.9281045751633986,
      "number": 379
    },
    "PER": {
      "precision": 0.9699646643109541,
      "recall": 0.9856373429084381,
      "f1": 0.9777382012466609,
      "number": 557
    },
    "overall_precision": 0.9539911308203991,
    "overall_recall": 0.9593088071348941,
    "overall_f1": 0.9566425792106725,
    "overall_accuracy": 0.9926546391752578,
    "total_time_in_seconds": 31.946668999968097,
    "samples_per_second": 31.30216799757742,
    "latency_in_seconds": 0.0319466689999681
  }
}