{
  "model_id": "w11wo/indonesian-roberta-base-posp-tagger",
  "model_path": "C:\\Users\\zhenni\\repos\\wmk\\examples\\qnn\\npu\\w11wo_indonesian-roberta-base-posp-tagger\\token-classification_w8a16_build_artifacts\\model.onnx",
  "task": "token-classification",
  "device": "npu",
  "ep": "qnn",
  "dataset": {
    "split": "validation",
    "samples": 1000,
    "shuffle": true,
    "seed": 42,
    "path": "~/.cache/winml/eval_datasets/build_indonlu_posp",
    "columns_mapping": {
      "label_column": "pos_tags"
    },
    "build_script": "scripts/e2e_eval/datasets/build_indonlu_posp.py"
  },
  "output_path": "C:\\Users\\zhenni\\repos\\wmk\\examples\\qnn\\npu\\w11wo_indonesian-roberta-base-posp-tagger\\token-classification_w8a16_eval_result.json",
  "metrics": {
    "$$$": {
      "precision": 0.9285714285714286,
      "recall": 1.0,
      "f1": 0.962962962962963,
      "number": 13
    },
    "ADJ": {
      "precision": 0.904610492845787,
      "recall": 0.8988941548183255,
      "f1": 0.9017432646592711,
      "number": 633
    },
    "ADK": {
      "precision": 0.9966216216216216,
      "recall": 0.9833333333333333,
      "f1": 0.9899328859060402,
      "number": 300
    },
    "ADV": {
      "precision": 0.96900826446281,
      "recall": 0.9811715481171548,
      "f1": 0.975051975051975,
      "number": 478
    },
    "ART": {
      "precision": 0.9888888888888889,
      "recall": 0.9753424657534246,
      "f1": 0.9820689655172414,
      "number": 365
    },
    "CCN": {
      "precision": 0.993801652892562,
      "recall": 0.993801652892562,
      "f1": 0.993801652892562,
      "number": 484
    },
    "CSN": {
      "precision": 0.9265175718849841,
      "recall": 0.9634551495016611,
      "f1": 0.9446254071661238,
      "number": 301
    },
    "INT": {
      "precision": 1.0,
      "recall": 1.0,
      "f1": 1.0,
      "number": 2
    },
    "KUA": {
      "precision": 0.9765625,
      "recall": 0.9689922480620154,
      "f1": 0.9727626459143969,
      "number": 129
    },
    "NEG": {
      "precision": 0.9791666666666666,
      "recall": 0.986013986013986,
      "f1": 0.9825783972125435,
      "number": 143
    },
    "NNO": {
      "precision": 0.9411887382690303,
      "recall": 0.9531151003167898,
      "f1": 0.9471143756558237,
      "number": 4735
    },
    "NNP": {
      "precision": 0.9516708091687379,
      "recall": 0.9331167072840509,
      "f1": 0.942302433688816,
      "number": 3693
    },
    "NUM": {
      "precision": 0.9924242424242424,
      "recall": 0.9936788874841972,
      "f1": 0.9930511686670879,
      "number": 791
    },
    "PAR": {
      "precision": 0.9361702127659575,
      "recall": 0.9361702127659575,
      "f1": 0.9361702127659575,
      "number": 47
    },
    "PPO": {
      "precision": 0.986784140969163,
      "recall": 0.9855436832181018,
      "f1": 0.9861635220125786,
      "number": 1591
    },
    "PRI": {
      "precision": 0.9655172413793104,
      "recall": 1.0,
      "f1": 0.9824561403508771,
      "number": 28
    },
    "PRK": {
      "precision": 0.7666666666666667,
      "recall": 0.8518518518518519,
      "f1": 0.8070175438596491,
      "number": 27
    },
    "PRN": {
      "precision": 0.9883720930232558,
      "recall": 0.9922178988326849,
      "f1": 0.9902912621359223,
      "number": 257
    },
    "PRR": {
      "precision": 0.9977220956719818,
      "recall": 0.9977220956719818,
      "f1": 0.9977220956719818,
      "number": 439
    },
    "SYM": {
      "precision": 0.9996617050067659,
      "recall": 0.9996617050067659,
      "f1": 0.9996617050067659,
      "number": 2956
    },
    "UNS": {
      "precision": 0.8,
      "recall": 0.8,
      "f1": 0.8000000000000002,
      "number": 15
    },
    "VBE": {
      "precision": 1.0,
      "recall": 0.9714285714285714,
      "f1": 0.9855072463768115,
      "number": 70
    },
    "VBI": {
      "precision": 0.9355432780847146,
      "recall": 0.918625678119349,
      "f1": 0.9270072992700731,
      "number": 553
    },
    "VBL": {
      "precision": 1.0,
      "recall": 1.0,
      "f1": 1.0,
      "number": 138
    },
    "VBP": {
      "precision": 0.9494584837545126,
      "recall": 0.9722735674676525,
      "f1": 0.9607305936073058,
      "number": 541
    },
    "VBT": {
      "precision": 0.9622641509433962,
      "recall": 0.9633333333333334,
      "f1": 0.9627984453081622,
      "number": 900
    },
    "overall_precision": 0.963676193387335,
    "overall_recall": 0.963676193387335,
    "overall_f1": 0.963676193387335,
    "overall_accuracy": 0.963676193387335,
    "total_time_in_seconds": 23.728450800059363,
    "samples_per_second": 35.40054119327076,
    "latency_in_seconds": 0.028248155714356384
  }
}