{
  "model_id": "dbmdz/bert-large-cased-finetuned-conll03-english",
  "model_path": "C:\\Users\\zhenni\\repos\\ModelKit\\examples\\openvino\\npu\\dbmdz_bert-large-cased-finetuned-conll03-english\\token-classification_w8a16_build_artifacts\\model.onnx",
  "task": "token-classification",
  "device": "npu",
  "ep": "openvino",
  "dataset": {
    "split": "validation",
    "samples": 1000,
    "shuffle": true,
    "seed": 42,
    "path": "BramVanroy/conll2003",
    "columns_mapping": {
      "label_column": "ner_tags"
    }
  },
  "output_path": "C:\\Users\\zhenni\\repos\\ModelKit\\examples\\openvino\\npu\\dbmdz_bert-large-cased-finetuned-conll03-english\\token-classification_w8a16_eval_result.json",
  "metrics": {
    "LOC": {
      "precision": 0.9721739130434782,
      "recall": 0.9704861111111112,
      "f1": 0.9713292788879235,
      "number": 576
    },
    "MISC": {
      "precision": 0.9087719298245615,
      "recall": 0.9184397163120568,
      "f1": 0.9135802469135803,
      "number": 282
    },
    "ORG": {
      "precision": 0.9260204081632653,
      "recall": 0.9577836411609498,
      "f1": 0.9416342412451362,
      "number": 379
    },
    "PER": {
      "precision": 0.9892086330935251,
      "recall": 0.9874326750448833,
      "f1": 0.9883198562443845,
      "number": 557
    },
    "overall_precision": 0.9574115044247787,
    "overall_recall": 0.9648829431438127,
    "overall_f1": 0.9611327040533038,
    "overall_accuracy": 0.8814432989690721,
    "total_time_in_seconds": 99.04054049996193,
    "samples_per_second": 10.096875430525182,
    "latency_in_seconds": 0.09904054049996194
  }
}