{
  "model_id": "dslim/bert-base-NER",
  "model_path": "C:\\Users\\zhangchao\\project\\winml-cli\\examples\\vitisai\\npu\\dslim_bert-base-NER\\token-classification_w8a8_build_artifacts\\model.onnx",
  "task": "token-classification",
  "device": "npu",
  "ep": "vitisai",
  "dataset": {
    "split": "validation",
    "samples": 1000,
    "shuffle": true,
    "seed": 42,
    "path": "BramVanroy/conll2003",
    "columns_mapping": {
      "label_column": "ner_tags"
    }
  },
  "output_path": "C:\\Users\\zhangchao\\project\\winml-cli\\examples\\vitisai\\npu\\dslim_bert-base-NER\\token-classification_w8a8_eval_result.json",
  "metrics": {
    "LOC": {
      "precision": 0.9686956521739131,
      "recall": 0.9670138888888888,
      "f1": 0.9678540399652477,
      "number": 576
    },
    "MISC": {
      "precision": 0.8581081081081081,
      "recall": 0.900709219858156,
      "f1": 0.8788927335640139,
      "number": 282
    },
    "ORG": {
      "precision": 0.8818897637795275,
      "recall": 0.8865435356200527,
      "f1": 0.8842105263157896,
      "number": 379
    },
    "PER": {
      "precision": 0.9472759226713533,
      "recall": 0.9676840215439856,
      "f1": 0.9573712255772646,
      "number": 557
    },
    "overall_precision": 0.9258649093904449,
    "overall_recall": 0.939799331103679,
    "overall_f1": 0.9327800829875519,
    "overall_accuracy": 0.9900773195876289,
    "total_time_in_seconds": 153.03661250000005,
    "samples_per_second": 6.534384051398156,
    "latency_in_seconds": 0.15303661250000006
  }
}