{
  "model_id": "Babelscape/wikineural-multilingual-ner",
  "model_path": "C:\\Users\\zhangchao\\project\\winml-cli\\examples\\vitisai\\npu\\Babelscape_wikineural-multilingual-ner\\token-classification_w8a8_build_artifacts\\model.onnx",
  "task": "token-classification",
  "device": "npu",
  "ep": "vitisai",
  "dataset": {
    "split": "validation",
    "samples": 1000,
    "shuffle": true,
    "seed": 42,
    "path": "BramVanroy/conll2003",
    "columns_mapping": {
      "label_column": "ner_tags"
    }
  },
  "output_path": "C:\\Users\\zhangchao\\project\\winml-cli\\examples\\vitisai\\npu\\Babelscape_wikineural-multilingual-ner\\token-classification_w8a8_eval_result.json",
  "metrics": {
    "LOC": {
      "precision": 0.7700348432055749,
      "recall": 0.7673611111111112,
      "f1": 0.768695652173913,
      "number": 576
    },
    "MISC": {
      "precision": 0.40106951871657753,
      "recall": 0.5319148936170213,
      "f1": 0.45731707317073167,
      "number": 282
    },
    "ORG": {
      "precision": 0.5972696245733788,
      "recall": 0.46174142480211083,
      "f1": 0.5208333333333334,
      "number": 379
    },
    "PER": {
      "precision": 0.9742574257425742,
      "recall": 0.8833034111310593,
      "f1": 0.9265536723163842,
      "number": 557
    },
    "overall_precision": 0.7210767468499427,
    "overall_recall": 0.701783723522854,
    "overall_f1": 0.7112994350282486,
    "overall_accuracy": 0.9441365979381443,
    "total_time_in_seconds": 131.99640630000067,
    "samples_per_second": 7.575963831372846,
    "latency_in_seconds": 0.13199640630000067
  }
}