{
  "model_id": "dbmdz/bert-large-cased-finetuned-conll03-english",
  "model_path": "C:\\Users\\zhangchao\\project\\winml-cli\\examples\\vitisai\\npu\\dbmdz_bert-large-cased-finetuned-conll03-english\\token-classification_w8a8_build_artifacts\\model.onnx",
  "task": "token-classification",
  "device": "npu",
  "ep": "vitisai",
  "dataset": {
    "split": "validation",
    "samples": 1000,
    "shuffle": true,
    "seed": 42,
    "path": "BramVanroy/conll2003",
    "columns_mapping": {
      "label_column": "ner_tags"
    }
  },
  "output_path": "C:\\Users\\zhangchao\\project\\winml-cli\\examples\\vitisai\\npu\\dbmdz_bert-large-cased-finetuned-conll03-english\\token-classification_w8a8_eval_result.json",
  "metrics": {
    "LOC": {
      "precision": 0.04667124227865477,
      "recall": 0.11805555555555555,
      "f1": 0.06689621249385144,
      "number": 576
    },
    "MISC": {
      "precision": 0.02180376610505451,
      "recall": 0.15602836879432624,
      "f1": 0.03826086956521738,
      "number": 282
    },
    "ORG": {
      "precision": 0.021908471275559883,
      "recall": 0.11873350923482849,
      "f1": 0.036991368680641186,
      "number": 379
    },
    "PER": {
      "precision": 0.013802622498274672,
      "recall": 0.03590664272890485,
      "f1": 0.019940179461615155,
      "number": 557
    },
    "overall_precision": 0.02536543422184007,
    "overall_recall": 0.09866220735785954,
    "overall_f1": 0.04035567715458276,
    "overall_accuracy": 0.43189432989690724,
    "total_time_in_seconds": 365.5872092999998,
    "samples_per_second": 2.735325456037503,
    "latency_in_seconds": 0.3655872092999998
  }
}