{
  "model_id": "dbmdz/bert-large-cased-finetuned-conll03-english",
  "model_path": "C:\\Users\\zhangchao\\project\\winml-cli\\examples\\vitisai\\npu\\dbmdz_bert-large-cased-finetuned-conll03-english\\token-classification_w8a16_build_artifacts\\model.onnx",
  "task": "token-classification",
  "device": "npu",
  "ep": "vitisai",
  "dataset": {
    "split": "validation",
    "samples": 1000,
    "shuffle": true,
    "seed": 42,
    "path": "BramVanroy/conll2003",
    "columns_mapping": {
      "label_column": "ner_tags"
    }
  },
  "output_path": "C:\\Users\\zhangchao\\project\\winml-cli\\examples\\vitisai\\npu\\dbmdz_bert-large-cased-finetuned-conll03-english\\token-classification_w8a16_eval_result.json",
  "metrics": {
    "LOC": {
      "precision": 0.4452054794520548,
      "recall": 0.5642361111111112,
      "f1": 0.49770290964777947,
      "number": 576
    },
    "MISC": {
      "precision": 0.302713987473904,
      "recall": 0.5141843971631206,
      "f1": 0.3810775295663601,
      "number": 282
    },
    "ORG": {
      "precision": 0.11304347826086956,
      "recall": 0.13720316622691292,
      "f1": 0.1239570917759237,
      "number": 379
    },
    "PER": {
      "precision": 0.05664488017429194,
      "recall": 0.0466786355475763,
      "f1": 0.051181102362204724,
      "number": 557
    },
    "overall_precision": 0.2575187969924812,
    "overall_recall": 0.3054626532887402,
    "overall_f1": 0.27944926058133607,
    "overall_accuracy": 0.7890463917525773,
    "total_time_in_seconds": 401.1400653000019,
    "samples_per_second": 2.492894842733116,
    "latency_in_seconds": 0.40114006530000185
  }
}