{
  "model_id": "dbmdz/bert-large-cased-finetuned-conll03-english",
  "model_path": "C:\\Users\\shzhen\\AppData\\Local\\repo\\WinML-ModelKit\\amd_test_results_round2\\dbmdz_bert-large-cased-finetuned-conll03-english_token-classification\\w8a16\\build\\quantized.onnx",
  "task": "token-classification",
  "device": "npu",
  "dataset": {
    "split": "validation",
    "samples": 100,
    "shuffle": true,
    "seed": 42,
    "path": "BramVanroy/conll2003",
    "columns_mapping": {
      "label_column": "ner_tags"
    }
  },
  "output_path": "C:\\Users\\shzhen\\AppData\\Local\\repo\\WinML-ModelKit\\amd_test_results_round2\\dbmdz_bert-large-cased-finetuned-conll03-english_token-classification\\w8a16\\eval.json",
  "metrics": {
    "LOC": {
      "precision": 0.4852941176470588,
      "recall": 0.532258064516129,
      "f1": 0.5076923076923077,
      "number": 62
    },
    "MISC": {
      "precision": 0.3023255813953488,
      "recall": 0.5416666666666666,
      "f1": 0.3880597014925373,
      "number": 24
    },
    "ORG": {
      "precision": 0.125,
      "recall": 0.16666666666666666,
      "f1": 0.14285714285714288,
      "number": 36
    },
    "PER": {
      "precision": 0.018518518518518517,
      "recall": 0.01818181818181818,
      "f1": 0.018348623853211007,
      "number": 55
    },
    "overall_precision": 0.24882629107981222,
    "overall_recall": 0.2994350282485876,
    "overall_f1": 0.27179487179487183,
    "overall_accuracy": 0.7962116263879817,
    "total_time_in_seconds": 41.95347590000165,
    "samples_per_second": 2.3835927263418015,
    "latency_in_seconds": 0.4195347590000165
  }
}