{
  "model_id": "dbmdz/bert-large-cased-finetuned-conll03-english",
  "model_path": "C:\\Users\\zhenni\\repos\\wmk\\examples\\qnn\\npu\\dbmdz_bert-large-cased-finetuned-conll03-english\\token-classification_w8a16_build_artifacts\\model.onnx",
  "task": "token-classification",
  "device": "npu",
  "ep": "qnn",
  "dataset": {
    "split": "validation",
    "samples": 1000,
    "shuffle": true,
    "seed": 42,
    "path": "BramVanroy/conll2003",
    "columns_mapping": {
      "label_column": "ner_tags"
    }
  },
  "output_path": "C:\\Users\\zhenni\\repos\\wmk\\examples\\qnn\\npu\\dbmdz_bert-large-cased-finetuned-conll03-english\\token-classification_w8a16_eval_result.json",
  "metrics": {
    "LOC": {
      "precision": 0.9721739130434782,
      "recall": 0.9704861111111112,
      "f1": 0.9713292788879235,
      "number": 576
    },
    "MISC": {
      "precision": 0.9087719298245615,
      "recall": 0.9184397163120568,
      "f1": 0.9135802469135803,
      "number": 282
    },
    "ORG": {
      "precision": 0.9236641221374046,
      "recall": 0.9577836411609498,
      "f1": 0.9404145077720207,
      "number": 379
    },
    "PER": {
      "precision": 0.9891891891891892,
      "recall": 0.9856373429084381,
      "f1": 0.9874100719424461,
      "number": 557
    },
    "overall_precision": 0.956858407079646,
    "overall_recall": 0.9643255295429208,
    "overall_f1": 0.960577456968351,
    "overall_accuracy": 0.8814432989690721,
    "total_time_in_seconds": 153.48808809998445,
    "samples_per_second": 6.515163569882928,
    "latency_in_seconds": 0.15348808809998446
  }
}