{
  "model_id": "dslim/bert-base-NER",
  "model_path": "C:\\repo\\WinML-ModelKit\\examples\\qnn\\npu\\dslim_bert-base-NER\\token-classification_w8a8_build_artifacts\\model.onnx",
  "task": "token-classification",
  "device": "npu",
  "ep": "qnn",
  "dataset": {
    "split": "validation",
    "samples": 1000,
    "shuffle": true,
    "seed": 42,
    "path": "BramVanroy/conll2003",
    "columns_mapping": {
      "label_column": "ner_tags"
    }
  },
  "output_path": "C:\\repo\\WinML-ModelKit\\examples\\qnn\\npu\\dslim_bert-base-NER\\token-classification_w8a8_eval_result.json",
  "skip_build": true,
  "metrics": {
    "LOC": {
      "precision": 0.9644128113879004,
      "recall": 0.9409722222222222,
      "f1": 0.9525483304042179,
      "number": 576
    },
    "MISC": {
      "precision": 0.8650519031141869,
      "recall": 0.8865248226950354,
      "f1": 0.8756567425569177,
      "number": 282
    },
    "ORG": {
      "precision": 0.9112903225806451,
      "recall": 0.8944591029023746,
      "f1": 0.9027962716378162,
      "number": 379
    },
    "PER": {
      "precision": 0.9180035650623886,
      "recall": 0.9245960502692998,
      "f1": 0.9212880143112702,
      "number": 557
    },
    "overall_precision": 0.922645739910314,
    "overall_recall": 0.9175027870680045,
    "overall_f1": 0.9200670765790946,
    "overall_accuracy": 0.9872422680412372,
    "total_time_in_seconds": 45.78553340000508,
    "samples_per_second": 21.840959922067633,
    "latency_in_seconds": 0.04578553340000508
  }
}